[
    {
        "month": "July",
        "days": [
            {
                "date": "01-07-2024",
                "shifts": [
                    {
                        "shift": "S1",
                        "workhours": [
                            {
                                "hour": "6AM-7AM",
                                "breakdowns": [
                                    {
                                        "issue": "Ecoder Failure",
                                        "time": 5
                                    },
                                    {
                                        "issue": "Vaccum Malfunction",
                                        "time": 3
                                    },
                                    {
                                        "issue": "Nozzle Damge",
                                        "time": 15
                                    },
                                    {
                                        "issue": "Conveyor Problem",
                                        "time": 2
                                    },
                                    {
                                        "issue": "Calibration Issue",
                                        "time": 7
                                    },
                                    {
                                        "issue": "Others",
                                        "time": 7
                                    }
                                ]
                            },
                            {
                                "hour": "7AM-8AM",
                                "breakdowns": [
                                    {
                                        "issue": "Ecoder Failure",
                                        "time": 5
                                    },
                                    {
                                        "issue": "Vaccum Malfunction",
                                        "time": 3
                                    },
                                    {
                                        "issue": "Nozzle Damge",
                                        "time": 10
                                    },
                                    {
                                        "issue": "Conveyor Problem",
                                        "time": 2
                                    },
                                    {
                                        "issue": "Calibration Issue",
                                        "time": 2
                                    },
                                    {
                                        "issue": "Others",
                                        "time": 1
                                    }
                                ]
                            },
                            {
                                "hour": "8AM-9AM",
                                "breakdowns": [
                                    {
                                        "issue": "Ecoder Failure",
                                        "time": 2
                                    },
                                    {
                                        "issue": "Vaccum Malfunction",
                                        "time": 3
                                    },
                                    {
                                        "issue": "Nozzle Damge",
                                        "time": 5
                                    },
                                    {
                                        "issue": "Conveyor Problem",
                                        "time": 2
                                    },
                                    {
                                        "issue": "Calibration Issue",
                                        "time": 10
                                    },
                                    {
                                        "issue": "Others",
                                        "time": 17
                                    }
                                ]
                            },
                            {
                                "hour": "9AM-10AM",
                                "breakdowns": [
                                    {
                                        "issue": "Ecoder Failure",
                                        "time": 5
                                    },
                                    {
                                        "issue": "Vaccum Malfunction",
                                        "time": 3
                                    },
                                    {
                                        "issue": "Nozzle Damge",
                                        "time": 13
                                    },
                                    {
                                        "issue": "Conveyor Problem",
                                        "time": 7
                                    },
                                    {
                                        "issue": "Calibration Issue",
                                        "time": 0
                                    },
                                    {
                                        "issue": "Others",
                                        "time": 1
                                    }
                                ]
                            },
                            {
                                "hour": "10AM-11AM",
                                "breakdowns": [
                                    {
                                        "issue": "Ecoder Failure",
                                        "time": 1
                                    },
                                    {
                                        "issue": "Vaccum Malfunction",
                                        "time": 3
                                    },
                                    {
                                        "issue": "Nozzle Damge",
                                        "time": 23
                                    },
                                    {
                                        "issue": "Conveyor Problem",
                                        "time": 7
                                    },
                                    {
                                        "issue": "Calibration Issue",
                                        "time": 3
                                    },
                                    {
                                        "issue": "Others",
                                        "time": 1
                                    }
                                ]
                            },
                            {
                                "hour": "11AM-12PM",
                                "breakdowns": [
                                    {
                                        "issue": "Ecoder Failure",
                                        "time": 5
                                    },
                                    {
                                        "issue": "Vaccum Malfunction",
                                        "time": 3
                                    },
                                    {
                                        "issue": "Nozzle Damge",
                                        "time": 20
                                    },
                                    {
                                        "issue": "Conveyor Problem",
                                        "time": 2
                                    },
                                    {
                                        "issue": "Calibration Issue",
                                        "time": 11
                                    },
                                    {
                                        "issue": "Others",
                                        "time": 7
                                    }
                                ]
                            },
                            {
                                "hour": "12PM-1PM",
                                "breakdowns": [
                                    {
                                        "issue": "Ecoder Failure",
                                        "time": 15
                                    },
                                    {
                                        "issue": "Vaccum Malfunction",
                                        "time": 1
                                    },
                                    {
                                        "issue": "Nozzle Damge",
                                        "time": 27
                                    },
                                    {
                                        "issue": "Conveyor Problem",
                                        "time": 7
                                    },
                                    {
                                        "issue": "Calibration Issue",
                                        "time": 0
                                    },
                                    {
                                        "issue": "Others",
                                        "time": 0
                                    }
                                ]
                            },
                            {
                                "hour": "1PM-2PM",
                                "breakdowns": [
                                    {
                                        "issue": "Ecoder Failure",
                                        "time": 5
                                    },
                                    {
                                        "issue": "Vaccum Malfunction",
                                        "time": 3
                                    },
                                    {
                                        "issue": "Nozzle Damge",
                                        "time": 0
                                    },
                                    {
                                        "issue": "Conveyor Problem",
                                        "time": 0
                                    },
                                    {
                                        "issue": "Calibration Issue",
                                        "time": 0
                                    },
                                    {
                                        "issue": "Others",
                                        "time": 1
                                    }
                                ]
                            }
                        ]
                    },
                    {
                        "shift": "S2",
                        "workhours": [
                            {
                                "hour": "2PM-3PM",
                                "breakdowns": [
                                    {
                                        "issue": "Ecoder Failure",
                                        "time": 5
                                    },
                                    {
                                        "issue": "Vaccum Malfunction",
                                        "time": 3
                                    },
                                    {
                                        "issue": "Nozzle Damge",
                                        "time": 0
                                    },
                                    {
                                        "issue": "Conveyor Problem",
                                        "time": 2
                                    },
                                    {
                                        "issue": "Calibration Issue",
                                        "time": 0
                                    },
                                    {
                                        "issue": "Others",
                                        "time": 7
                                    }
                                ]
                            },
                            {
                                "hour": "3PM-4PM",
                                "breakdowns": [
                                    {
                                        "issue": "Ecoder Failure",
                                        "time": 5
                                    },
                                    {
                                        "issue": "Vaccum Malfunction",
                                        "time": 3
                                    },
                                    {
                                        "issue": "Nozzle Damge",
                                        "time": 10
                                    },
                                    {
                                        "issue": "Conveyor Problem",
                                        "time": 2
                                    },
                                    {
                                        "issue": "Calibration Issue",
                                        "time": 0
                                    },
                                    {
                                        "issue": "Others",
                                        "time": 1
                                    }
                                ]
                            },
                            {
                                "hour": "4PM-5PM",
                                "breakdowns": [
                                    {
                                        "issue": "Ecoder Failure",
                                        "time": 2
                                    },
                                    {
                                        "issue": "Vaccum Malfunction",
                                        "time": 3
                                    },
                                    {
                                        "issue": "Nozzle Damge",
                                        "time": 27
                                    },
                                    {
                                        "issue": "Conveyor Problem",
                                        "time": 2
                                    },
                                    {
                                        "issue": "Calibration Issue",
                                        "time": 0
                                    },
                                    {
                                        "issue": "Others",
                                        "time": 11
                                    }
                                ]
                            },
                            {
                                "hour": "5PM-6PM",
                                "breakdowns": [
                                    {
                                        "issue": "Ecoder Failure",
                                        "time": 5
                                    },
                                    {
                                        "issue": "Vaccum Malfunction",
                                        "time": 3
                                    },
                                    {
                                        "issue": "Nozzle Damge",
                                        "time": 13
                                    },
                                    {
                                        "issue": "Conveyor Problem",
                                        "time": 7
                                    },
                                    {
                                        "issue": "Calibration Issue",
                                        "time": 0
                                    },
                                    {
                                        "issue": "Others",
                                        "time": 1
                                    }
                                ]
                            },
                            {
                                "hour": "6PM-7PM",
                                "breakdowns": [
                                    {
                                        "issue": "Ecoder Failure",
                                        "time": 1
                                    },
                                    {
                                        "issue": "Vaccum Malfunction",
                                        "time": 3
                                    },
                                    {
                                        "issue": "Nozzle Damge",
                                        "time": 23
                                    },
                                    {
                                        "issue": "Conveyor Problem",
                                        "time": 7
                                    },
                                    {
                                        "issue": "Calibration Issue",
                                        "time": 3
                                    },
                                    {
                                        "issue": "Others",
                                        "time": 1
                                    }
                                ]
                            },
                            {
                                "hour": "7PM-8PM",
                                "breakdowns": [
                                    {
                                        "issue": "Ecoder Failure",
                                        "time": 5
                                    },
                                    {
                                        "issue": "Vaccum Malfunction",
                                        "time": 3
                                    },
                                    {
                                        "issue": "Nozzle Damge",
                                        "time": 20
                                    },
                                    {
                                        "issue": "Conveyor Problem",
                                        "time": 2
                                    },
                                    {
                                        "issue": "Calibration Issue",
                                        "time": 10
                                    },
                                    {
                                        "issue": "Others",
                                        "time": 7
                                    }
                                ]
                            },
                            {
                                "hour": "8PM-9PM",
                                "breakdowns": [
                                    {
                                        "issue": "Ecoder Failure",
                                        "time": 15
                                    },
                                    {
                                        "issue": "Vaccum Malfunction",
                                        "time": 1
                                    },
                                    {
                                        "issue": "Nozzle Damge",
                                        "time": 27
                                    },
                                    {
                                        "issue": "Conveyor Problem",
                                        "time": 7
                                    },
                                    {
                                        "issue": "Calibration Issue",
                                        "time": 3
                                    },
                                    {
                                        "issue": "Others",
                                        "time": 0
                                    }
                                ]
                            },
                            {
                                "hour": "9PM-10PM",
                                "breakdowns": [
                                    {
                                        "issue": "Ecoder Failure",
                                        "time": 5
                                    },
                                    {
                                        "issue": "Vaccum Malfunction",
                                        "time": 3
                                    },
                                    {
                                        "issue": "Nozzle Damge",
                                        "time": 0
                                    },
                                    {
                                        "issue": "Conveyor Problem",
                                        "time": 0
                                    },
                                    {
                                        "issue": "Calibration Issue",
                                        "time": 1
                                    },
                                    {
                                        "issue": "Others",
                                        "time": 1
                                    }
                                ]
                            }
                        ]
                    },
                    {
                        "shift": "S3",
                        "workhours": [
                            {
                                "hour": "10PM-11PM",
                                "breakdowns": [
                                    {
                                        "issue": "Ecoder Failure",
                                        "time": 5
                                    },
                                    {
                                        "issue": "Vaccum Malfunction",
                                        "time": 3
                                    },
                                    {
                                        "issue": "Nozzle Damge",
                                        "time": 7
                                    },
                                    {
                                        "issue": "Conveyor Problem",
                                        "time": 2
                                    },
                                    {
                                        "issue": "Calibration Issue",
                                        "time": 0
                                    },
                                    {
                                        "issue": "Others",
                                        "time": 7
                                    }
                                ]
                            },
                            {
                                "hour": "11PM-0AM",
                                "breakdowns": [
                                    {
                                        "issue": "Ecoder Failure",
                                        "time": 5
                                    },
                                    {
                                        "issue": "Vaccum Malfunction",
                                        "time": 3
                                    },
                                    {
                                        "issue": "Nozzle Damge",
                                        "time": 2
                                    },
                                    {
                                        "issue": "Conveyor Problem",
                                        "time": 1
                                    },
                                    {
                                        "issue": "Calibration Issue",
                                        "time": 0
                                    },
                                    {
                                        "issue": "Others",
                                        "time": 1
                                    }
                                ]
                            },
                            {
                                "hour": "0AM-1AM",
                                "breakdowns": [
                                    {
                                        "issue": "Ecoder Failure",
                                        "time": 2
                                    },
                                    {
                                        "issue": "Vaccum Malfunction",
                                        "time": 3
                                    },
                                    {
                                        "issue": "Nozzle Damge",
                                        "time": 27
                                    },
                                    {
                                        "issue": "Conveyor Problem",
                                        "time": 0
                                    },
                                    {
                                        "issue": "Calibration Issue",
                                        "time": 0
                                    },
                                    {
                                        "issue": "Others",
                                        "time": 11
                                    }
                                ]
                            },
                            {
                                "hour": "1AM-2AM",
                                "breakdowns": [
                                    {
                                        "issue": "Ecoder Failure",
                                        "time": 5
                                    },
                                    {
                                        "issue": "Vaccum Malfunction",
                                        "time": 3
                                    },
                                    {
                                        "issue": "Nozzle Damge",
                                        "time": 11
                                    },
                                    {
                                        "issue": "Conveyor Problem",
                                        "time": 2
                                    },
                                    {
                                        "issue": "Calibration Issue",
                                        "time": 0
                                    },
                                    {
                                        "issue": "Others",
                                        "time": 1
                                    }
                                ]
                            },
                            {
                                "hour": "2AM-3AM",
                                "breakdowns": [
                                    {
                                        "issue": "Ecoder Failure",
                                        "time": 1
                                    },
                                    {
                                        "issue": "Vaccum Malfunction",
                                        "time": 3
                                    },
                                    {
                                        "issue": "Nozzle Damge",
                                        "time": 7
                                    },
                                    {
                                        "issue": "Conveyor Problem",
                                        "time": 7
                                    },
                                    {
                                        "issue": "Calibration Issue",
                                        "time": 1
                                    },
                                    {
                                        "issue": "Others",
                                        "time": 1
                                    }
                                ]
                            },
                            {
                                "hour": "3AM-4AM",
                                "breakdowns": [
                                    {
                                        "issue": "Ecoder Failure",
                                        "time": 5
                                    },
                                    {
                                        "issue": "Vaccum Malfunction",
                                        "time": 3
                                    },
                                    {
                                        "issue": "Nozzle Damge",
                                        "time": 11
                                    },
                                    {
                                        "issue": "Conveyor Problem",
                                        "time": 2
                                    },
                                    {
                                        "issue": "Calibration Issue",
                                        "time": 1
                                    },
                                    {
                                        "issue": "Others",
                                        "time": 7
                                    }
                                ]
                            },
                            {
                                "hour": "4AM-5AM",
                                "breakdowns": [
                                    {
                                        "issue": "Ecoder Failure",
                                        "time": 15
                                    },
                                    {
                                        "issue": "Vaccum Malfunction",
                                        "time": 1
                                    },
                                    {
                                        "issue": "Nozzle Damge",
                                        "time": 0
                                    },
                                    {
                                        "issue": "Conveyor Problem",
                                        "time": 7
                                    },
                                    {
                                        "issue": "Calibration Issue",
                                        "time": 3
                                    },
                                    {
                                        "issue": "Others",
                                        "time": 0
                                    }
                                ]
                            },
                            {
                                "hour": "5AM-6AM",
                                "breakdowns": [
                                    {
                                        "issue": "Ecoder Failure",
                                        "time": 5
                                    },
                                    {
                                        "issue": "Vaccum Malfunction",
                                        "time": 3
                                    },
                                    {
                                        "issue": "Nozzle Damge",
                                        "time": 31
                                    },
                                    {
                                        "issue": "Conveyor Problem",
                                        "time": 0
                                    },
                                    {
                                        "issue": "Calibration Issue",
                                        "time": 1
                                    },
                                    {
                                        "issue": "Others",
                                        "time": 1
                                    }
                                ]
                            }
                        ]
                    }
                ]
            }
        ]
    }
]