{
  "Plants": [
    {
      "Id": "P001",
      "Name": "Shanghai"
    },
    {
      "Id": "P002",
      "Name": "Chennai"
    },
    {
      "Id": "P003",
      "Name": "Mumbai"
    }
  ],
  "Lines": [
    {
      "Id": "Sh001",
      "Name": "Line-1",
      "Plant": "P001",
      "Details_File": ""
    },
    {
      "Id": "Sh002",
      "Name": "Line-2",
      "Plant": "P001",
      "Details_File": ""
    },
    {
      "Id": "Sh003",
      "Name": "Line-3",
      "Plant": "P001",
      "Details_File": ""
    },
    {
      "Id": "Ch001",
      "Name": "Line-1",
      "Plant": "P002",
      "Details_File": ""
    },
    {
      "Id": "Ch002",
      "Name": "Line-2",
      "Plant": "P002",
      "Details_File": ""
    },
    {
      "Id": "Ch003",
      "Name": "Line-3",
      "Plant": "P002",
      "Details_File": ""
    },
    {
      "Id": "Ch004",
      "Name": "Line-4",
      "Plant": "P002",
      "Details_File": ""
    },
    {
      "Id": "Ch005",
      "Name": "Line-5",
      "Plant": "P002",
      "Details_File": ""
    },
    {
      "Id": "Mu001",
      "Name": "Line-1",
      "Plant": "P003",
      "Details_File": ""
    },
    {
      "Id": "Mu002",
      "Name": "Line-2",
      "Plant": "P003",
      "Details_File": ""
    },
    {
      "Id": "Mu003",
      "Name": "Line-3",
      "Plant": "P003",
      "Details_File": ""
    }
  ],
  "Machine_Types": [
    {
      "Id": "MT001",
      "Name": "Loader",
      "Manufacturers_Cycle_Time": 0
    },
    {
      "Id": "MT002",
      "Name": "Marker",
      "Manufacturers_Cycle_Time": 6
    },
    {
      "Id": "MT003",
      "Name": "Paste-Mixer",
      "Manufacturers_Cycle_Time": 0
    },
    {
      "Id": "MT004",
      "Name": "Paste-Printer",
      "Manufacturers_Cycle_Time": 15
    },
    {
      "Id": "MT005",
      "Name": "Paste-Inspect",
      "Manufacturers_Cycle_Time": 10
    },
    {
      "Id": "MT006",
      "Name": "Pick-and-Place",
      "Manufacturers_Cycle_Time": 24,
      "Breakdown_Issues": [
        {
          "Id": "MT006_BR_001",
          "Name": "Motor failure"
        },
        {
          "Id": "MT006_BR_002",
          "Name": "Power supply Issue"
        },
        {
          "Id": "MT006_BR_003",
          "Name": "Control system Issue"
        },
        {
          "Id": "MT006_BR_004",
          "Name": "Vacuum system malfunction"
        },
        {
          "Id": "MT006_BR_005",
          "Name": "Drive belt failure"
        },
        {
          "Id": "MT006_BR_006",
          "Name": "Nozzle damage"
        },
        {
          "Id": "MT006_BR_007",
          "Name": "Vision system failure"
        },
        {
          "Id": "MT006_BR_008",
          "Name": "Software crash"
        },
        {
          "Id": "MT006_BR_008",
          "Name": "Others"
        }
      ],
      "Microstop_Issues": [
        {
          "Id": "MT006_MS_001",
          "Name": "Component pick up failure"
        },
        {
          "Id": "MT006_MS_002",
          "Name": "Empty feeder"
        },
        {
          "Id": "MT006_MS_003",
          "Name": "Barcode scanning issue"
        },
        {
          "Id": "MT006_MS_004",
          "Name": "Software hiccups"
        },
        {
          "Id": "MT006_MS_005",
          "Name": "Others"
        }
      ],
      "Quality_Issues": [
        {
          "Id": "MT006_QU_001",
          "Name": "Component misalignment"
        },
        {
          "Id": "MT006_QU_002",
          "Name": "Incorrect orientation"
        },
        {
          "Id": "MT006_QU_003",
          "Name": "Placement offset"
        },
        {
          "Id": "MT006_QU_004",
          "Name": "Tombstoning"
        },
        {
          "Id": "MT006_QU_004",
          "Name": "Billboarding"
        },
        {
          "Id": "MT006_QU_005",
          "Name": "Others"
        }
      ]
    },
    {
      "Id": "MT007",
      "Name": "Reflow-AOI",
      "Manufacturers_Cycle_Time": 10
    },
    {
      "Id": "MT008",
      "Name": "Reflow-oven",
      "Manufacturers_Cycle_Time": 21
    },
    {
      "Id": "MT009",
      "Name": "Receiver",
      "Manufacturers_Cycle_Time": 0
    }
  ],
  "Downtime_Reasons": [
    {
      "Reason_Id": "DTR_0000",
      "Class": "Microstop",
      "Root_Cause": "General",
      "Context": "",
      "Actions": [
        {
          "AId": "DTRA_0000_01",
          "Desc": "Resolved by itself"
        },
        {
          "AId": "DTRA_0101_02",
          "Desc": "Forced to continue"
        }
      ]
    },
    {
      "Reason_Id": "DTR_0001",
      "Class": "Changeover",
      "Root_Cause": "",
      "Context": "",
      "Actions": []
    },
    {
      "Reason_Id": "DTR_0101",
      "Class": "Quality",
      "Root_Cause": "Component misalignment",
      "Context": "Pick-and-Place",
      "Actions": [
        {
          "AId": "DTRA_0101_01",
          "Desc": "Calibration Checked"
        },
        {
          "AId": "DTRA_0101_02",
          "Desc": "Vision System Verified"
        },
        {
          "AId": "DTRA_0101_03",
          "Desc": "Programming Reviewed"
        }
      ]
    },
    {
      "Reason_Id": "DTR_0102",
      "Class": "Breakdown",
      "Root_Cause": "Vacuum Loss",
      "Context": "Pick-and-Place",
      "Actions": [
        {
          "AId": "DTRA_0102_01",
          "Desc": "Vacuum Seal Checked"
        },
        {
          "AId": "DTRA_0102_02",
          "Desc": "Gripper Cleaned"
        }
      ]
    },
    {
      "Reason_Id": "DTR_0103",
      "Class": "Microstop",
      "Root_Cause": "Feeder Problems",
      "Context": "Pick-and-Place",
      "Actions": [
        {
          "AId": "DTRA_0103_01",
          "Desc": "Alignment Checked"
        },
        {
          "AId": "DTRA_0103_02",
          "Desc": "Cleaning done"
        }
      ]
    },
    {
      "Reason_Id": "DTR_0104",
      "Class": "Breakdown",
      "Root_Cause": "Nozzle Issues",
      "Context": "Pick-and-Place",
      "Actions": [
        {
          "AId": "DTRA_0104_01",
          "Desc": "Nozzle Inspected and cleaned"
        },
        {
          "AId": "DTRA_0104_02",
          "Desc": "Right Vaccum level ensured"
        },
        {
          "AId": "DTRA_0104_03",
          "Desc": "Nozzle Replaced"
        }
      ]
    },
    {
      "Reason_Id": "DTR_0105",
      "Class": "Breakdown",
      "Root_Cause": "Software Errors",
      "Context": "Pick-and-Place",
      "Actions": [
        {
          "AId": "DTRA_0105_01",
          "Desc": "Software Glitches Detected"
        },
        {
          "AId": "DTRA_0105_02",
          "Desc": "Right Software Installed"
        },
        {
          "AId": "DTRA_0105_03",
          "Desc": " System Test done"
        }
      ]
    },
    {
      "Reason_Id": "DTR_0106",
      "Class": "Breakdown",
      "Root_Cause": "End-Effector Issues",
      "Context": "Pick-and-Place",
      "Actions": [
        {
          "AId": "DTRA_0106_01",
          "Desc": "Vaccum Gripper issue fixed"
        },
        {
          "AId": "DTRA_0106_02",
          "Desc": "Magnetic Gripper issue fixed"
        },
        {
          "AId": "DTRA_0106_03",
          "Desc": " Pneumatic Gripper issue fixed"
        }
      ]
    },
    {
      "Reason_Id": "DTR_0107",
      "Class": "Microstop",
      "Root_Cause": "Component misalignment",
      "Context": "Pick-and-Place",
      "Actions": [
        {
          "AId": "DTRA_0107_01",
          "Desc": "Machine Calibration done"
        },
        {
          "AId": "DTRA_0107_02",
          "Desc": "Feeder movement checked and alignment done"
        }
      ]
    },
    {
      "Reason_Id": "DTR_0108",
      "Class": "Breakdown",
      "Root_Cause": "Component picking issues",
      "Context": "Pick-and-Place",
      "Actions": [
        {
          "AId": "DTRA_0108_01",
          "Desc": "Machine Alignment Checked"
        },
        {
          "AId": "DTRA_0108_02",
          "Desc": "Ensure no missing component"
        },
        {
          "AId": "DTRA_0108_03",
          "Desc": " ensure no overturn of components"
        }
      ]
    },
    {
      "Reason_Id": "DTR_0109",
      "Class": "Breakdown",
      "Root_Cause": "Machine Speed and Accuracy",
      "Context": "Pick-and-Place",
      "Actions": [
        {
          "AId": "DTRA_0196_01",
          "Desc": "Machine Speed and Accuracy Adjusted"
        },
        {
          "AId": "DTRA_0109_02",
          "Desc": "Right quality of components Checked"
        }
      ]
    },
    {
      "Reason_Id": "DTR_0110",
      "Class": "Breakdown",
      "Root_Cause": "Feeder issues",
      "Context": "Pick-and-Place",
      "Actions": [
        {
          "AId": "DTRA_0110_01",
          "Desc": "Feeder Jam Removed"
        },
        {
          "AId": "DTRA_0110_02",
          "Desc": "Feeder Speed Adjusted"
        }
      ]
    },
    {
      "Reason_Id": "DTR_0111",
      "Class": "Breakdown",
      "Root_Cause": "Software glitches",
      "Context": "Pick-and-Place",
      "Actions": [
        {
          "AId": "DTRA_011_01",
          "Desc": "Software bug logged and fixed"
        },
        {
          "AId": "DTRA_011_02",
          "Desc": " Test run done with updated software"
        }
      ]
    },
    {
      "Reason_Id": "DTR_0112",
      "Class": "Breakdown",
      "Root_Cause": "Machine vision problems",
      "Context": "Pick-and-Place",
      "Actions": [
        {
          "AId": "DTRA_0112_01",
          "Desc": "Line of vision cleaned"
        },
        {
          "AId": "DTRA_0112_02",
          "Desc": "Shiny object or cases of occlusion removed"
        },
        {
          "AId": "DTRA_0112_03",
          "Desc": " Real time feedback loop to pickup robot checked"
        }
      ]
    },
    {
      "Reason_Id": "DTR_0113",
      "Class": "Breakdown",
      "Root_Cause": "Nozzle blockages",
      "Context": "Pick-and-Place",
      "Actions": [
        {
          "AId": "DTRA_0113_01",
          "Desc": "Proper level of vaccum maintained"
        },
        {
          "AId": "DTRA_0113_02",
          "Desc": " Nozzle cleaned"
        },
        {
          "AId": "DTRA_0113_03",
          "Desc": "Periodic nozzle cleaning schedule introduced"
        }
      ]
    },
    {
      "Reason_Id": "DTR_0114",
      "Class": "Breakdown",
      "Root_Cause": "Machine misalignment",
      "Context": "Pick-and-Place",
      "Actions": [
        {
          "AId": "DTRA_0114_01",
          "Desc": "machine Alignment Done"
        },
        {
          "AId": "DTRA_0114_02",
          "Desc": "Machine Calibration Done"
        }
      ]
    },
    {
      "Reason_Id": "DTR_0115",
      "Class": "Breakdown",
      "Root_Cause": "Pneumatic issues",
      "Context": "Pick-and-Place",
      "Actions": [
        {
          "AId": "DTRA_0115_01",
          "Desc": "Pneumatic Cylinder Operation checked"
        },
        {
          "AId": "DTRA_0115_02",
          "Desc": "Faulty Pneumatic Cylinder Changed"
        },
        {
          "AId": "DTRA_0113_03",
          "Desc": "Pneumatic Cylinder Cleaned and Lubricated"
        }
      ]
    },
    {
      "Reason_Id": "DTR_0116",
      "Class": "Breakdown",
      "Root_Cause": "Component contamination",
      "Context": "Pick-and-Place",
      "Actions": [
        {
          "AId": "DTRA_0116_01",
          "Desc": "Solder Paste Printing Machine output checked"
        },
        {
          "AId": "DTRA_0116_02",
          "Desc": " Machine Alignment Rechecked"
        },
        {
          "AId": "DTRA_0116_03",
          "Desc": "Nozzle Cleaned"
        }
      ]
    },
    {
      "Reason_Id": "DTR_0117",
      "Class": "Quality",
      "Root_Cause": "Component damage",
      "Context": "Pick-and-Place",
      "Actions": [
        {
          "AId": "DTRA_0117_01",
          "Desc": "Machine Alignment checked"
        },
        {
          "AId": "DTRA_0117_02",
          "Desc": "Pickup and placement actions checked "
        },
        {
          "AId": "DTRA_0117_03",
          "Desc": "Vaccum level maintained"
        }
      ]
    },
    {
      "Reason_Id": "DTR_0118",
      "Class": "Breakdown",
      "Root_Cause": "Machine speed variations",
      "Context": "Pick-and-Place",
      "Actions": [
        {
          "AId": "DTRA_0118_01",
          "Desc": "Machine Speed adjusted"
        },
        {
          "AId": "DTRA_0118_02",
          "Desc": " Machine Feedback Loop Checked"
        },
        {
          "AId": "DTRA_0118_03",
          "Desc": "Machine re-calibrated"
        }
      ]
    },
    {
      "Reason_Id": "DTR_0119",
      "Class": "Breakdown",
      "Root_Cause": "Component verification errors",
      "Context": "Pick-and-Place",
      "Actions": [
        {
          "AId": "DTRA_011_0119_01",
          "Desc": "Feeder Alignment Checked"
        },
        {
          "AId": "DTRA_0119_02",
          "Desc": " Component Dimension Checked"
        },
        {
          "AId": "DTRA_0119_03",
          "Desc": "Set proper distance between the components"
        }
      ]
    },
    {
      "Reason_Id": "DTR_0120",
      "Class": "Breakdown",
      "Root_Cause": "Machine calibration drift",
      "Context": "Pick-and-Place",
      "Actions": [
        {
          "AId": "DTRA_0120_01",
          "Desc": "Machine re-calibrated"
        },
        {
          "AId": "DTRA_0120_02",
          "Desc": "Peridic Machine Calibration schedule introduced"
        }
      ]
    },
    {
      "Reason_Id": "DTR_0121",
      "Class": "Breakdown",
      "Root_Cause": "Inadequate training",
      "Context": "Pick-and-Place",
      "Actions": [
        {
          "AId": "DTRA_0121_01",
          "Desc": "Training arranged"
        },
        {
          "AId": "DTRA_0121_02",
          "Desc": "On the Job Assessment and Training Introduced"
        }
      ]
    },
    {
      "Reason_Id": "DTR_0122",
      "Class": "Breakdown",
      "Root_Cause": "Inconsistent component supply",
      "Context": "Pick-and-Place",
      "Actions": [
        {
          "AId": "DTRA_0122_01",
          "Desc": "Proper quality components"
        },
        {
          "AId": "DTRA_0113_02",
          "Desc": " Nozzle cleaned"
        },
        {
          "AId": "DTRA_0113_03",
          "Desc": "Periodic nozzle cleaning schedule introduced"
        }
      ]
    },
    {
      "Reason_Id": "DTR_0123",
      "Class": "Breakdown",
      "Root_Cause": "PCB warpage",
      "Context": "Pick-and-Place",
      "Actions": [
        {
          "AId": "DTRA_0123_01",
          "Desc": "PCB surfaces measured with measurement software"
        },
        {
          "AId": "DTRA_0123_02",
          "Desc": "Simulate levelling based on measurement and applied "
        },
        {
          "AId": "DTRA_0123_03",
          "Desc": "Discard PCBs if beyond tolerance limits"
        }
      ]
    },
    {
      "Reason_Id": "DTR_0124",
      "Class": "Breakdown",
      "Root_Cause": "Inadequate preventive maintenance",
      "Context": "Pick-and-Place",
      "Actions": [
        {
          "AId": "DTRA_0124_01",
          "Desc": "previous maintenance records checked"
        },
        {
          "AId": "DTRA_0124_02",
          "Desc": " Preventive maintenance schedule frequency modified"
        }
      ]
    },
    {
      "Reason_Id": "DTR_0125",
      "Class": "Microstop",
      "Root_Cause": "Conveyor Speed Malfunction",
      "Context": "Reflow-oven",
      "Actions": [
        {
          "AId": "DTRA_0125_01",
          "Desc": "Conveyor Speed Calibrated "
        },
        {
          "AId": "DTRA_0125_02",
          "Desc": "Conveyor speed adjusted"
        },
        {
          "AId": "DTRA_0125_03",
          "Desc": "Defective conveyor changed"
        }
      ]
    },
    {
      "Reason_Id": "DTR_0126",
      "Class": "Breakdown",
      "Root_Cause": "Oven Thermocouples Issues",
      "Context": "Reflow-oven",
      "Actions": [
        {
          "AId": "DTRA_0126_01",
          "Desc": "Identified Thermocouple measurement calibrated"
        },
        {
          "AId": "DTRA_0126_02",
          "Desc": "Defective Thermocouple changed"
        }
      ]
    },
    {
      "Reason_Id": "DTR_0127",
      "Class": "Breakdown",
      "Root_Cause": "Water cooling not effective",
      "Context": "Reflow-oven",
      "Actions": [
        {
          "AId": "DTRA_0127_01",
          "Desc": "Water inlet temperature checked "
        },
        {
          "AId": "DTRA_0127_02",
          "Desc": "Water cooling set point adjusted"
        }
      ]
    },
    {
      "Reason_Id": "DTR_0128",
      "Class": "Microstop",
      "Root_Cause": "High Water Temperature alarm",
      "Context": "Reflow-oven",
      "Actions": [
        {
          "AId": "DTRA_0128_01",
          "Desc": "Water flow rate checked"
        },
        {
          "AId": "DTRA_0128_02",
          "Desc": "Water flow rate adjusted"
        }
      ]
    },
    {
      "Reason_Id": "DTR_0129",
      "Class": "Microstop",
      "Root_Cause": "Improper Heating",
      "Context": "Reflow-oven",
      "Actions": [
        {
          "AId": "DTRA_0129_01",
          "Desc": "Blower motor speed checked and adjusted "
        },
        {
          "AId": "DTRA_0129_02",
          "Desc": " Heater function checked and voltage adjusted"
        },
        {
          "AId": "DTRA_0129_03",
          "Desc": " Heat sensors calibrated"
        }
      ]
    },
    {
      "Reason_Id": "DTR_0130",
      "Class": "Breakdown",
      "Root_Cause": "Flux Build-up",
      "Context": "Reflow-oven",
      "Actions": [
        {
          "AId": "DTRA_0130_01",
          "Desc": "Build up Flux removed "
        },
        {
          "AId": "DTRA_0130_02",
          "Desc": "Reflow profile adjusted"
        }
      ]
    },
    {
      "Reason_Id": "DTR_0131",
      "Class": "Microstop",
      "Root_Cause": "Overshooting Target Temperatures",
      "Context": "Reflow-oven",
      "Actions": [
        {
          "AId": "DTRA_0131_01",
          "Desc": "Oven cleaned periodically"
        },
        {
          "AId": "DTRA_0131_02",
          "Desc": "Oven profile recalibrated"
        },
        {
          "AId": "DTRA_0131_03",
          "Desc": "Conveyor speed adjusted"
        }
      ]
    },
    {
      "Reason_Id": "DTR_0131",
      "Class": "Breakdown",
      "Root_Cause": "Port Selection Issues",
      "Context": "Docking Station",
      "Actions": [
        {
          "AId": "DTRA_0132_01",
          "Desc": "Dock port configuration checked"
        },
        {
          "AId": "DTRA_0131_02",
          "Desc": "Docking arrangement changed as required"
        }
      ]
    },
    {
      "Reason_Id": "DTR_0132",
      "Class": "Breakdown",
      "Root_Cause": "Connectivity Issues",
      "Context": "Docking Station",
      "Actions": [
        {
          "AId": "DTRA_0132_01",
          "Desc": "Dock port configuration checked "
        },
        {
          "AId": "DTRA_0125_02",
          "Desc": "USB type checked for compatibility with connected device"
        }
      ]
    },
    {
      "Reason_Id": "DTR_0133",
      "Class": "Breakdown",
      "Root_Cause": "Power Delivery Issues",
      "Context": "Docking Station",
      "Actions": [
        {
          "AId": "DTRA_0133_01",
          "Desc": "Power supply requirements checked "
        },
        {
          "AId": "DTRA_0133_02",
          "Desc": "correct port usage ensured "
        }
      ]
    },
    {
      "Reason_Id": "DTR_0134",
      "Class": "Breakdown",
      "Root_Cause": "Compatibility Issues",
      "Context": "Docking Station",
      "Actions": [
        {
          "AId": "DTRA_0134_01",
          "Desc": "Type of operation console laptop is checked "
        },
        {
          "AId": "DTRA_0134_02",
          "Desc": "Compatibility of ChromeOS is checked "
        },
        {
          "AId": "DTRA_0134_03",
          "Desc": "ChromeOS installed "
        }
      ]
    },
    {
      "Reason_Id": "DTR_0135",
      "Class": "Breakdown",
      "Root_Cause": "Laser Engraver Not Burning",
      "Context": "Laser Marker machine",
      "Actions": [
        {
          "AId": "DTRA_0135_01",
          "Desc": "Current and voltage level to Laser unit checked"
        },
        {
          "AId": "DTRA_0135_02",
          "Desc": "Power unit tested and refixed"
        },
        {
          "AId": "DTRA_0135_03",
          "Desc": "Power unit changed"
        }
      ]
    },
    {
      "Reason_Id": "DTR_0136",
      "Class": "Microstop",
      "Root_Cause": "Decreased Laser and Laser Marking not Clear Enough",
      "Context": "Laser Marker machine",
      "Actions": [
        {
          "AId": "DTRA_0136_01",
          "Desc": "Focal position adjusted"
        },
        {
          "AId": "DTRA_0136_02",
          "Desc": "Power, Speed, Frequence adjusted"
        },
        {
          "AId": "DTRA_0136_03",
          "Desc": "Mirrors and lenses cleaned and properly aligned"
        },
        {
          "AId": "DTRA_0136_04",
          "Desc": "Power supply changed"
        },
        {
          "AId": "DTRA_0136_05",
          "Desc": "Damaged parts changed"
        }
      ]
    },
    {
      "Reason_Id": "DTR_0137",
      "Class": "Microstop",
      "Root_Cause": "Engraving Dislocation",
      "Context": "Laser Marker machine",
      "Actions": [
        {
          "AId": "DTRA_0137_01",
          "Desc": "Centre of marking measures and Focal position adjusted"
        },
        {
          "AId": "DTRA_0137_02",
          "Desc": "Damaged Laser Head changed "
        },
        {
          "AId": "DTRA_0137_03",
          "Desc": "Laser beam to surface perpendicularity checked"
        },
        {
          "AId": "DTRA_0137_04",
          "Desc": "Mirrors and Lenses cleaned"
        },
        {
          "AId": "DTRA_0137_05",
          "Desc": "All screws tightened"
        }
      ]
    },
    {
      "Reason_Id": "DTR_0138",
      "Class": "Breakdown",
      "Root_Cause": "Laser is too Hot or Not Hot Enough",
      "Context": "Laser Marker machine",
      "Actions": [
        {
          "AId": "DTRA_0138_01",
          "Desc": "Power setting Adjusted"
        },
        {
          "AId": "DTRA_0138_02",
          "Desc": "Cooling system checked and setting adjusted"
        },
        {
          "AId": "DTRA_0138_03",
          "Desc": "Move and adjust the beam towards a different direction"
        }
      ]
    },
    {
      "Reason_Id": "DTR_0139",
      "Class": "Breakdown",
      "Root_Cause": "AOI Not Identifying Issues and Defects",
      "Context": "Reflow-AOI",
      "Actions": [
        {
          "AId": "DTRA_0139_01",
          "Desc": "Program checked and updated"
        },
        {
          "AId": "DTRA_0139_02",
          "Desc": "3D/2D camera system checked and recalibrated"
        },
        {
          "AId": "DTRA_0139_03",
          "Desc": "Camera cleaning, lighting level, board placement and alignment checked and ensured "
        }
      ]
    },
    {
      "Reason_Id": "DTR_0140",
      "Class": "Microstop",
      "Root_Cause": "Decreased AOI Efficiency and Clarity",
      "Context": "Reflow-AOI",
      "Actions": [
        {
          "AId": "DTRA_0140_01",
          "Desc": "Program updated regularly"
        },
        {
          "AId": "DTRA_0140_02",
          "Desc": "Controlled operating environment maintained"
        },
        {
          "AId": "DTRA_0140_03",
          "Desc": "Components checked and re-calibration done "
        }
      ]
    },
    {
      "Reason_Id": "DTR_0141",
      "Class": "Breakdown",
      "Root_Cause": "Mechanical Issues",
      "Context": "Loader",
      "Actions": [
        {
          "AId": "DTRA_0141_01",
          "Desc": "Machine parts checked, all screw tightened and lubrication done"
        },
        {
          "AId": "DTRA_0141_02",
          "Desc": "Defective parts identified and changed; Re-order request placed"
        },
        {
          "AId": "DTRA_0141_03",
          "Desc": "Machine alignment done"
        }
      ]
    },
    {
      "Reason_Id": "DTR_0142",
      "Class": "Breakdown",
      "Root_Cause": "Software Issues",
      "Context": "Loader",
      "Actions": [
        {
          "AId": "DTRA_0142_01",
          "Desc": "Program bug detected and fixed"
        },
        {
          "AId": "DTRA_0142_02",
          "Desc": "system updated with proper version of software"
        }
      ]
    },
    {
      "Reason_Id": "DTR_0143",
      "Class": "Breakdown",
      "Root_Cause": "Electrical Issues",
      "Context": "Loader",
      "Actions": [
        {
          "AId": "DTRA_0143_01",
          "Desc": "Loose connection or faulty wiring checked and fixed"
        },
        {
          "AId": "DTRA_0143_02",
          "Desc": "Proper Power supply ensured"
        },
        {
          "AId": "DTRA_0143_03",
          "Desc": "Defective electrical or electronics board replaced; Re-ordering done"
        }
      ]
    },
    {
      "Reason_Id": "DTR_0144",
      "Class": "Breakdown",
      "Root_Cause": "Component Handling Issues",
      "Context": "Loader",
      "Actions": [
        {
          "AId": "DTRA_0144_01",
          "Desc": "Components checked and ensure proper sizes"
        },
        {
          "AId": "DTRA_0144_02",
          "Desc": "Loader recalibrated"
        },
        {
          "AId": "DTRA_0144_03",
          "Desc": "Loader setting checked and set according to component size "
        }
      ]
    },
    {
      "Reason_Id": "DTR_0145",
      "Class": "Microstop",
      "Root_Cause": "Insufficient Solder Paste",
      "Context": "Solder Paste-Printer",
      "Actions": [
        {
          "AId": "DTRA_0145_01",
          "Desc": "Printing pressure checked and adjusted"
        },
        {
          "AId": "DTRA_0145_02",
          "Desc": "Stencil filled with Solder paste "
        },
        {
          "AId": "DTRA_0145_03",
          "Desc": "Stencil condition checked and clogging removed"
        }
      ]
    },
    {
      "Reason_Id": "DTR_0146",
      "Class": "Microstop",
      "Root_Cause": "Smearing of Solder Paste",
      "Context": "Solder Paste-Printer",
      "Actions": [
        {
          "AId": "DTRA_0146_01",
          "Desc": "Squeegee speed and pressure reduced"
        },
        {
          "AId": "DTRA_0146_02",
          "Desc": ",Proper stencil release ensured"
        },
        {
          "AId": "DTRA_0146_03",
          "Desc": ", Solder paste release volume adjusted"
        }
      ]
    },
    {
      "Reason_Id": "DTR_0147",
      "Class": "Breakdown",
      "Root_Cause": "Stencil Misalignment",
      "Context": "Solder Paste-Printer",
      "Actions": [
        {
          "AId": "DTRA_0147_01",
          "Desc": "Proper alignment of the PCB and stencil ensured"
        },
        {
          "AId": "DTRA_0147_02",
          "Desc": ",Calibration done"
        }
      ]
    },
    {
      "Reason_Id": "DTR_0148",
      "Class": "Breakdown",
      "Root_Cause": "Stencil Aperture Issues",
      "Context": "Solder Paste-Printer",
      "Actions": [
        {
          "AId": "DTRA_0148_01",
          "Desc": "Stencil Replaced"
        },
        {
          "AId": "DTRA_0148_02",
          "Desc": "Distance between Stencil Aperature and initial printing location adjusted"
        }
      ]
    },
    {
      "Reason_Id": "DTR_0149",
      "Class": "Breakdown",
      "Root_Cause": "Timing Issues",
      "Context": "Solder Paste-Inspect",
      "Actions": [
        {
          "AId": "DTRA_0149_01",
          "Desc": "setup time adjusted such that data is stable and latched correctly"
        }
      ]
    },
    {
      "Reason_Id": "DTR_0150",
      "Class": "Microstop",
      "Root_Cause": "Voltage Level Issues",
      "Context": "Solder Paste-Inspect",
      "Actions": [
        {
          "AId": "DTRA_0150_01",
          "Desc": "Input and Output voltage checked if maintained within range "
        },
        {
          "AId": "DTRA_0150_02",
          "Desc": "Power unit and connectors changed if found faulty or misbehaving"
        }
      ]
    },
    {
      "Reason_Id": "DTR_0151",
      "Class": "Breakdown",
      "Root_Cause": "Communication Issues",
      "Context": "Solder Paste-Inspect",
      "Actions": [
        {
          "AId": "DTRA_0151_01",
          "Desc": "Communication interfaces checked verified. "
        },
        {
          "AId": "DTRA_0151_02",
          "Desc": "Proper integration and data exchange protocols between SPI machines and other SMT equipment checked and verified"
        }
      ]
    },
    {
      "Reason_Id": "DTR_0152",
      "Class": "Breakdown",
      "Root_Cause": "Peripheral Select Issues",
      "Context": "Solder Paste-Inspect",
      "Actions": [
        {
          "AId": "DTRA_0152_01",
          "Desc": "Controller to Peropheral data transmission checked and ensured right selection of peripherals "
        }
      ]
    },
    {
      "Reason_Id": "DTR_0153",
      "Class": "Breakdown",
      "Root_Cause": "Overmixing or High Shear Conditions",
      "Context": "Solder Paste-Mixer",
      "Actions": [
        {
          "AId": "DTRA_0153_01",
          "Desc": "Solder paste’s viscosity and thixotropy checked and mixing adjusted"
        },
        {
          "AId": "DTRA_0153_02",
          "Desc": "Solder paste changed if found not proper"
        }
      ]
    },
    {
      "Reason_Id": "DTR_0154",
      "Class": "Breakdown",
      "Root_Cause": "Physical Stress",
      "Context": "Solder Paste-Mixer",
      "Actions": [
        {
          "AId": "DTRA_0154_01",
          "Desc": "Machine vibration level checked and cause of vibration eleminated"
        },
        {
          "AId": "DTRA_0154_02",
          "Desc": "Feeders and conveyors checked for any vibration or sharp jerking and problems rectified"
        }
      ]
    },
    {
      "Reason_Id": "DTR_0155",
      "Class": "Breakdown",
      "Root_Cause": "Improper Mixing",
      "Context": " Solder Paste-Mixer",
      "Actions": [
        {
          "AId": "DTRA_0155_01",
          "Desc": "Machine operation checked as per manual and setting and modify set points as needed"
        },
        {
          "AId": "DTRA_0155_02",
          "Desc": "Axis of rotation is checked and Adjusted as needed to maintain 45 degrees with revolution axis"
        }
      ]
    },
    {
      "Reason_Id": "DTR_0201",
      "Class": "Material-shortage",
      "Root_Cause": "",
      "Context": "ALL"
    },
    {
      "Reason_Id": "DTR_0301",
      "Class": "Manpower-shortage",
      "Root_Cause": "",
      "Context": "ALL"
    },
    {
      "Reason_Id": "DTR_0401",
      "Class": "Software-issues",
      "Root_Cause": "",
      "Context": "ALL"
    },
    {
      "Reason_Id": "DTR_0501",
      "Class": "Quality",
      "Root_Cause": "",
      "Context": "ALL"
    },
    {
      "Reason_Id": "DTR_0901",
      "Class": "Others",
      "Root_Cause": "",
      "Context": "ALL"
    }
  ]
}
  