{
  "machineData": {
    "F3342024R3QKN6CWKB7MM49WXS": [
      {
        "timeStamp": "2024-08-25T20:34:54.276",
        "machineId": "01J657920HBRPDZ12MMV2RV49C",
        "eventType": "E",
        "microStopTime": 0,
        "isGoodCount": ""
      },
      {
        "timeStamp": "2024-08-25T20:36:09.057",
        "machineId": "01J657920HBRPDZ12MMV2RV49C",
        "eventType": "X",
        "microStopTime": 0,
        "isGoodCount": "N"
      }
    ],
    "F3342024JB8RM46JHEPD653WBR": [
      {
        "timeStamp": "2024-08-25T20:36:09.271",
        "machineId": "01J657920HBRPDZ12MMV2RV49C",
        "eventType": "E",
        "microStopTime": 0,
        "isGoodCount": ""
      },
      {
        "timeStamp": "2024-08-25T20:37:24.237",
        "machineId": "01J657920HBRPDZ12MMV2RV49C",
        "eventType": "X",
        "microStopTime": 0,
        "isGoodCount": "Y"
      },
      {
        "timeStamp": "2024-08-25T20:37:24.312",
        "machineId": "01J65792125BG50SBQQTM7FV2P",
        "eventType": "E",
        "microStopTime": 0,
        "isGoodCount": ""
      },
      {
        "timeStamp": "2024-08-25T20:41:34.941",
        "machineId": "01J65792125BG50SBQQTM7FV2P",
        "eventType": "X",
        "microStopTime": 0,
        "isGoodCount": "Y"
      },
      {
        "timeStamp": "2024-08-25T20:41:35.015",
        "machineId": "01J6579212Y09RBBRMZN10Y7A9",
        "eventType": "E",
        "microStopTime": 0,
        "isGoodCount": ""
      },
      {
        "timeStamp": "2024-08-25T20:43:06.412",
        "machineId": "01J6579212Y09RBBRMZN10Y7A9",
        "eventType": "X",
        "microStopTime": 0,
        "isGoodCount": ""
      }
    ],
    "OW2Q2023E65AZFZJGV09CNAM8J": [
      {
        "timeStamp": "2024-08-25T20:37:24.255",
        "machineId": "01J657920HBRPDZ12MMV2RV49C",
        "eventType": "E",
        "microStopTime": 0,
        "isGoodCount": ""
      },
      {
        "timeStamp": "2024-08-25T20:38:37.198",
        "machineId": "01J657920HBRPDZ12MMV2RV49C",
        "eventType": "X",
        "microStopTime": 0,
        "isGoodCount": ""
      },
      {
        "timeStamp": "2024-08-25T20:41:34.993",
        "machineId": "01J65792125BG50SBQQTM7FV2P",
        "eventType": "E",
        "microStopTime": 0,
        "isGoodCount": ""
      },
      {
        "timeStamp": "2024-08-25T20:45:45.002",
        "machineId": "01J65792125BG50SBQQTM7FV2P",
        "eventType": "X",
        "microStopTime": 0,
        "isGoodCount": "Y"
      },
      {
        "timeStamp": "2024-08-25T20:45:45.075",
        "machineId": "01J6579212Y09RBBRMZN10Y7A9",
        "eventType": "E",
        "microStopTime": 0,
        "isGoodCount": ""
      },
      {
        "timeStamp": "2024-08-25T20:48:15.243",
        "machineId": "01J6579212Y09RBBRMZN10Y7A9",
        "eventType": "X",
        "microStopTime": 0,
        "isGoodCount": "Y"
      }
    ],
    "OW2Q2023JBST73N6BXTQFHREH0": [
      {
        "timeStamp": "2024-08-25T20:38:37.492",
        "machineId": "01J657920HBRPDZ12MMV2RV49C",
        "eventType": "E",
        "microStopTime": 0,
        "isGoodCount": ""
      },
      {
        "timeStamp": "2024-08-25T20:39:50.289",
        "machineId": "01J657920HBRPDZ12MMV2RV49C",
        "eventType": "X",
        "microStopTime": 0,
        "isGoodCount": "Y"
      },
      {
        "timeStamp": "2024-08-25T20:45:45.072",
        "machineId": "01J65792125BG50SBQQTM7FV2P",
        "eventType": "E",
        "microStopTime": 0,
        "isGoodCount": ""
      },
      {
        "timeStamp": "2024-08-25T20:49:55.203",
        "machineId": "01J65792125BG50SBQQTM7FV2P",
        "eventType": "X",
        "microStopTime": 0,
        "isGoodCount": "Y"
      },
      {
        "timeStamp": "2024-08-25T20:49:55.631",
        "machineId": "01J6579212Y09RBBRMZN10Y7A9",
        "eventType": "E",
        "microStopTime": 0,
        "isGoodCount": ""
      },
      {
        "timeStamp": "2024-08-25T20:52:26.403",
        "machineId": "01J6579212Y09RBBRMZN10Y7A9",
        "eventType": "X",
        "microStopTime": 0,
        "isGoodCount": "Y"
      }
    ]
  },
  "stdCycleTime": 143009
}